item_id,order_id,product_id,quantity,unit_price,discount_percent
ITEM00001,ORD00314,PROD0028,5,8620.16,30
ITEM00002,ORD00464,PROD0241,3,7287.93,18
ITEM00003,ORD00019,PROD0356,3,5787.27,36
ITEM00004,ORD00323,PROD0243,5,6003.46,18
ITEM00005,ORD00320,PROD0014,1,6363.75,4
ITEM00006,ORD00143,PROD0130,3,6189.05,104
ITEM00007,ORD00310,PROD0090,2,1606.39,23
ITEM00008,ORD00134,PROD0401,4,4200.25,33
ITEM00009,ORD00176,PROD0044,5,2506.81,9
ITEM00010,ORD00386,PROD0212,2,1200.12,46
ITEM00011,ORD00108,PROD0296,3,5876.69,16
ITEM00012,ORD00060,PROD0027,4,5813.5,30
ITEM00013,ORD00386,PROD0473,4,199.06,24
ITEM00014,ORD00075,PROD0272,1,1053.97,28
ITEM00015,ORD00162,PROD0493,1,983.76,34
ITEM00016,ORD00490,PROD0433,3,7216.57,17
ITEM00017,ORD00131,PROD0336,4,5744.63,47
ITEM00018,ORD00345,PROD0302,5,2978.84,44
ITEM00019,ORD00161,PROD0281,1,5167.99,0
ITEM00020,ORD00269,PROD0054,3,7463.54,18
ITEM00021,ORD00018,PROD0013,1,1944.12,42
ITEM00022,ORD00112,PROD0487,1,598.9,7
ITEM00023,ORD00310,PROD0067,5,453.33,11
ITEM00024,ORD00357,PROD0095,4,1124.87,4
ITEM00025,ORD00473,PROD0142,3,3918.09,49
ITEM00026,ORD00398,PROD0032,3,6842.45,16
ITEM00027,ORD00136,PROD0092,4,6747.7,12
ITEM00028,ORD00092,PROD0331,2,2953.09,27
ITEM00029,ORD00330,PROD0055,3,6621.53,4
ITEM00030,ORD00373,PROD0129,1,5570.58,9
ITEM00031,ORD00001,PROD0478,4,5571.85,44
ITEM00032,ORD00201,PROD0295,4,528.98,25
ITEM00033,ORD00400,PROD0416,5,3105.14,24
ITEM00034,ORD00419,PROD0400,5,1611.36,22
ITEM00035,ORD00156,PROD0206,1,3299.82,21
ITEM00036,ORD00236,PROD0390,2,5230.36,2
ITEM00037,ORD00339,PROD0098,4,5735.22,40
ITEM00038,ORD00250,PROD0044,4,2437.43,8
ITEM00039,ORD00013,PROD0369,2,1693.56,4
ITEM00040,ORD00330,PROD0158,4,5967.75,1
ITEM00041,ORD00029,PROD0173,1,6600.34,13
ITEM00042,ORD00342,PROD0268,5,5730.46,37
ITEM00043,ORD00037,PROD0019,4,1160.38,30
ITEM00044,ORD00317,PROD0024,-2,2619.9,40
ITEM00045,ORD00158,PROD0421,4,7387.09,37
ITEM00046,ORD00419,PROD0055,5,4806.38,14
ITEM00047,ORD00104,PROD0219,4,1911.48,43
ITEM00048,ORD00071,PROD0165,2,8361.22,37
ITEM00049,ORD00033,PROD0062,4,3695.99,23
ITEM00050,ORD00225,PROD0125,1,8561.11,50
ITEM00051,ORD00314,PROD0193,1,7324.69,106
ITEM00052,ORD00475,PROD0046,5,6372.75,26
ITEM00053,ORD00406,PROD0396,2,1805.01,40
ITEM00054,ORD00231,PROD0211,2,3940.64,2
ITEM00055,ORD00368,PROD0256,1,7320.53,50
ITEM00056,ORD00215,PROD0003,2,1579.13,33
ITEM00057,ORD00317,PROD0186,5,2296.48,29
ITEM00058,ORD00338,PROD0107,2,4672.59,9
ITEM00059,ORD00496,PROD0467,2,2154.22,2
ITEM00060,ORD00187,PROD0146,3,660.23,48
ITEM00061,ORD00054,PROD0380,5,5810.09,50
ITEM00062,ORD00264,PROD0060,2,3513.83,37
ITEM00063,ORD00215,PROD0102,3,1976.25,7
ITEM00064,ORD00051,PROD0122,2,7533.19,14
ITEM00065,ORD00300,PROD0249,4,5238.57,39
ITEM00066,ORD00199,PROD0192,2,4649.24,17
ITEM00067,ORD00066,PROD0017,1,6495.23,7
ITEM00068,ORD00235,PROD0215,3,6031.6,18
ITEM00069,ORD00405,PROD0407,5,1970.59,36
ITEM00070,ORD00438,PROD0118,5,3955.96,13
ITEM00071,ORD00429,PROD0237,4,2386.29,15
ITEM00072,ORD00223,PROD0297,5,2836.24,36
ITEM00073,ORD00214,PROD0023,4,1772.4,32
ITEM00074,ORD00272,PROD0202,1,1310.54,15
ITEM00075,ORD00386,PROD0007,4,1956.85,8
ITEM00076,ORD00123,PROD0332,1,1689.61,19
ITEM00077,ORD00236,PROD0440,-5,4241.13,29
ITEM00078,ORD00071,PROD0448,2,2491.21,23
ITEM00079,ORD00361,PROD0325,1,1747.19,44
ITEM00080,ORD00017,PROD0152,3,3727.64,39
ITEM00081,ORD00407,PROD0107,1,5722.02,21
ITEM00082,ORD00029,PROD0264,3,4522.25,7
ITEM00083,ORD00239,PROD0317,3,2967.02,35
ITEM00084,ORD00288,PROD0364,2,1775.64,15
ITEM00085,ORD00333,PROD0245,5,5668.02,44
ITEM00086,ORD00382,PROD0390,3,4207.41,32
ITEM00087,ORD00142,PROD0028,3,6125.73,32
ITEM00088,ORD00063,PROD0241,5,7672.6,28
ITEM00089,ORD00410,PROD0345,1,966.67,29
ITEM00090,ORD00201,PROD0460,1,4149.33,17
ITEM00091,ORD00076,PROD0255,2,2863.17,40
ITEM00092,ORD00214,PROD0497,2,7630.36,26
ITEM00093,ORD00331,PROD0011,-1,1911.13,14
ITEM00094,ORD00267,PROD0331,5,2768.01,41
ITEM00095,ORD00249,PROD0304,5,4400.26,28
ITEM00096,ORD00291,PROD0068,3,8413.13,16
ITEM00097,ORD00191,PROD0498,1,1263.06,18
ITEM00098,ORD00086,PROD0317,5,4251.1,11
ITEM00099,ORD00355,PROD0464,2,5079.41,7
ITEM00100,ORD00163,PROD0295,3,561.39,13
ITEM00101,ORD00018,PROD0341,3,1098.23,28
ITEM00102,ORD00084,PROD0274,1,5313.84,31
ITEM00103,ORD00486,PROD0235,-2,4916.97,47
ITEM00104,ORD00260,PROD0170,3,3840.62,18
ITEM00105,ORD00387,PROD0294,5,7279.0,28
ITEM00106,ORD00058,PROD0375,1,1097.69,35
ITEM00107,ORD00013,PROD0206,2,4202.69,5
ITEM00108,ORD00312,PROD0329,5,231.81,49
ITEM00109,ORD00012,PROD0043,4,4943.81,5
ITEM00110,ORD00202,PROD0100,5,1462.9,3
ITEM00111,ORD00185,PROD0204,4,913.74,112
ITEM00112,ORD00180,PROD0158,5,7108.54,46
ITEM00113,ORD00380,PROD0213,3,8375.73,46
ITEM00114,ORD00218,PROD0374,2,3706.85,38
ITEM00115,ORD00107,PROD0156,5,4025.21,4
ITEM00116,ORD00303,PROD0388,1,841.02,17
ITEM00117,ORD00285,PROD0237,2,2837.63,24
ITEM00118,ORD00252,PROD0022,3,936.6,19
ITEM00119,ORD00379,PROD0238,1,4487.3,19
ITEM00120,ORD00428,PROD0326,3,2993.75,31
ITEM00121,ORD00331,PROD0126,3,4562.78,4
ITEM00122,ORD00186,PROD0298,4,4397.9,40
ITEM00123,ORD00499,PROD0356,3,5580.2,109
ITEM00124,ORD00084,PROD0298,3,3649.74,44
ITEM00125,ORD00084,PROD0028,4,6747.1,22
ITEM00126,ORD00150,PROD0272,1,969.02,49
ITEM00127,ORD00392,PROD0049,2,801.46,20
ITEM00128,ORD00351,PROD0410,3,3065.03,37
ITEM00129,ORD00074,PROD0007,3,1552.71,31
ITEM00130,ORD00472,PROD0467,2,1883.13,14
ITEM00131,ORD00408,PROD0460,5,4872.7,45
ITEM00132,ORD00388,PROD0411,4,2180.35,7
ITEM00133,ORD00473,PROD0009,3,4043.6,8
ITEM00134,ORD00456,PROD0306,3,5254.65,19
ITEM00135,ORD00418,PROD0061,2,5764.35,19
ITEM00136,ORD00067,PROD0041,1,5704.6,49
ITEM00137,ORD00221,PROD0022,1,728.75,32
ITEM00138,ORD00241,PROD0061,1,7544.14,104
ITEM00139,ORD00401,PROD0064,2,7490.05,12
ITEM00140,ORD00180,PROD0015,3,5794.39,22
ITEM00141,ORD00438,PROD0257,5,5279.07,36
ITEM00142,ORD00420,PROD0297,5,3526.45,12
ITEM00143,ORD00088,PROD0462,1,1161.64,6
ITEM00144,ORD00472,PROD0259,4,514.94,37
ITEM00145,ORD00345,PROD0491,3,4635.27,27
ITEM00146,ORD00117,PROD0209,3,5740.18,7
ITEM00147,ORD00254,PROD0391,3,6007.02,2
ITEM00148,ORD00253,PROD0060,4,4046.5,19
ITEM00149,ORD00431,PROD0228,4,4297.72,27
ITEM00150,ORD00036,PROD0459,4,5950.88,23
ITEM00151,ORD00346,PROD0252,4,4822.6,42
ITEM00152,ORD00062,PROD0074,5,5694.38,47
ITEM00153,ORD00087,PROD0034,2,3650.51,38
ITEM00154,ORD00207,PROD0063,4,3417.63,17
ITEM00155,ORD00393,PROD0298,4,4598.54,42
ITEM00156,ORD00208,PROD0249,2,6404.11,6
ITEM00157,ORD00251,PROD0255,-2,2970.12,47
ITEM00158,ORD00035,PROD0256,2,7505.66,43
ITEM00159,ORD00156,PROD0319,1,780.67,33
ITEM00160,ORD00406,PROD0239,4,5445.82,16
ITEM00161,ORD00415,PROD0441,1,1920.64,2
ITEM00162,ORD00451,PROD0469,4,4389.15,24
ITEM00163,ORD00019,PROD0017,3,5251.91,10
ITEM00164,ORD00069,PROD0160,4,5722.57,36
ITEM00165,ORD00338,PROD0284,5,6623.74,35
ITEM00166,ORD00260,PROD0029,4,4110.79,24
ITEM00167,ORD00181,PROD0393,3,2090.4,37
ITEM00168,ORD00429,PROD0188,-5,5719.05,40
ITEM00169,ORD00050,PROD0220,3,1367.69,3
ITEM00170,ORD00127,PROD0121,5,4866.65,44
ITEM00171,ORD00157,PROD0059,1,601.7,2
ITEM00172,ORD00443,PROD0217,4,3881.35,44
ITEM00173,ORD00012,PROD0163,4,2368.23,6
ITEM00174,ORD00052,PROD0354,3,2166.84,48
ITEM00175,ORD00086,PROD0315,4,6178.35,40
ITEM00176,ORD00404,PROD0039,5,4991.68,16
ITEM00177,ORD00294,PROD0206,5,4503.07,5
ITEM00178,ORD00297,PROD0049,3,799.33,33
ITEM00179,ORD00108,PROD0178,3,3544.33,19
ITEM00180,ORD00277,PROD0161,4,2757.58,32
ITEM00181,ORD00391,PROD0281,1,5605.02,33
ITEM00182,ORD00296,PROD0256,4,6202.02,40
ITEM00183,ORD00315,PROD0437,4,3143.5,46
ITEM00184,ORD00268,PROD0103,2,1449.77,47
ITEM00185,ORD00154,PROD0433,3,7227.26,4
ITEM00186,ORD00434,PROD0212,3,982.04,16
ITEM00187,ORD00121,PROD0208,2,2778.85,15
ITEM00188,ORD00159,PROD0238,4,5013.51,2
ITEM00189,ORD00140,PROD0070,3,3913.0,11
ITEM00190,ORD00022,PROD0494,1,7549.96,5
ITEM00191,ORD00153,PROD0444,4,3395.0,42
ITEM00192,ORD00047,PROD0204,2,1252.02,36
ITEM00193,ORD00478,PROD0062,5,4099.19,33
ITEM00194,ORD00453,PROD0047,1,1123.96,20
ITEM00195,ORD00300,PROD0378,2,3458.74,13
ITEM00196,ORD00090,PROD0110,4,276.2,37
ITEM00197,ORD00274,PROD0192,1,5874.91,27
ITEM00198,ORD00127,PROD0494,2,6316.61,45
ITEM00199,ORD00158,PROD0011,5,2206.26,47
ITEM00200,ORD00482,PROD0028,2,7988.1,24
ITEM00201,ORD00491,PROD0359,1,779.74,15
ITEM00202,ORD00199,PROD0005,4,3896.79,16
ITEM00203,ORD00480,PROD0422,3,7530.67,10
ITEM00204,ORD00324,PROD0163,4,2867.95,17
ITEM00205,ORD00422,PROD0400,4,1908.97,21
ITEM00206,ORD00449,PROD0471,2,3460.44,32
ITEM00207,ORD00216,PROD0309,5,2069.85,29
ITEM00208,ORD00391,PROD0027,2,7084.16,50
ITEM00209,ORD00002,PROD0206,3,3532.44,5
ITEM00210,ORD00128,PROD0265,2,464.02,43
ITEM00211,ORD00481,PROD0164,2,622.19,43
ITEM00212,ORD00168,PROD0410,1,3039.35,11
ITEM00213,ORD00194,PROD0484,5,1018.78,1
ITEM00214,ORD00332,PROD0314,1,6075.39,12
ITEM00215,ORD00437,PROD0087,5,2854.53,16
ITEM00216,ORD00491,PROD0189,5,5805.95,45
ITEM00217,ORD00396,PROD0472,4,8085.58,45
ITEM00218,ORD00485,PROD0442,3,5214.38,31
ITEM00219,ORD00221,PROD0439,2,3827.58,18
ITEM00220,ORD00097,PROD0215,-2,6057.07,16
ITEM00221,ORD00231,PROD0465,5,1162.83,29
ITEM00222,ORD00241,PROD0069,4,8407.59,45
ITEM00223,ORD00217,PROD0377,1,741.76,3
ITEM00224,ORD00477,PROD0121,3,4541.08,42
ITEM00225,ORD00307,PROD0364,-1,1759.42,32
ITEM00226,ORD00155,PROD0203,2,7601.88,35
ITEM00227,ORD00092,PROD0134,4,4612.7,29
ITEM00228,ORD00163,PROD0364,2,1619.98,20
ITEM00229,ORD00066,PROD0256,3,8048.17,27
ITEM00230,ORD00449,PROD0135,3,5004.29,27
ITEM00231,ORD00162,PROD0378,2,4333.73,42
ITEM00232,ORD00226,PROD0028,1,6498.47,2
ITEM00233,ORD00084,PROD0362,1,6489.55,31
ITEM00234,ORD00183,PROD0364,4,1639.46,46
ITEM00235,ORD00064,PROD0179,3,3598.86,10
ITEM00236,ORD00422,PROD0140,5,7013.04,0
ITEM00237,ORD00293,PROD0093,1,5793.61,31
ITEM00238,ORD00455,PROD0169,1,2157.65,37
ITEM00239,ORD00055,PROD0429,1,2892.81,45
ITEM00240,ORD00233,PROD0322,5,6390.33,21
ITEM00241,ORD00336,PROD0319,3,878.19,46
ITEM00242,ORD00409,PROD0292,1,4913.62,18
ITEM00243,ORD00029,PROD0381,5,4845.49,25
ITEM00244,ORD00123,PROD0495,4,334.17,13
ITEM00245,ORD00400,PROD0207,2,4609.17,31
ITEM00246,ORD00377,PROD0413,5,6794.71,42
ITEM00247,ORD00189,PROD0263,4,1186.61,30
ITEM00248,ORD00308,PROD0217,4,3159.16,39
ITEM00249,ORD00323,PROD0219,5,1711.61,29
ITEM00250,ORD00332,PROD0352,4,6844.87,41
ITEM00251,ORD00149,PROD0240,4,3503.94,8
ITEM00252,ORD00154,PROD0431,4,4426.7,3
ITEM00253,ORD00470,PROD0024,5,2936.17,6
ITEM00254,ORD00369,PROD0292,3,6490.87,5
ITEM00255,ORD00009,PROD0059,4,705.41,11
ITEM00256,ORD00024,PROD0043,3,4705.89,46
ITEM00257,ORD00344,PROD0231,3,1149.23,11
ITEM00258,ORD00041,PROD0383,3,3771.87,6
ITEM00259,ORD00010,PROD0003,1,1478.63,30
ITEM00260,ORD00208,PROD0445,5,5865.05,19
ITEM00261,ORD00499,PROD0316,4,2599.16,5
ITEM00262,ORD00008,PROD0098,1,5268.8,12
ITEM00263,ORD00108,PROD0247,2,5666.99,40
ITEM00264,ORD00276,PROD0098,4,5204.39,27
ITEM00265,ORD00086,PROD0463,4,2891.56,115
ITEM00266,ORD00300,PROD0125,5,6441.56,25
ITEM00267,ORD00005,PROD0053,4,819.11,31
ITEM00268,ORD00306,PROD0375,3,1131.05,25
ITEM00269,ORD00303,PROD0372,4,5072.05,3
ITEM00270,ORD00217,PROD0296,1,4977.23,41
ITEM00271,ORD00243,PROD0060,3,4233.16,27
ITEM00272,ORD00148,PROD0372,3,4257.69,32
ITEM00273,ORD00466,PROD0351,5,835.08,45
ITEM00274,ORD00068,PROD0453,4,1014.14,43
ITEM00275,ORD00185,PROD0408,2,2848.12,18
ITEM00276,ORD00045,PROD0342,2,3626.01,38
ITEM00277,ORD00407,PROD0213,4,8792.08,13
ITEM00278,ORD00010,PROD0184,3,1223.81,11
ITEM00279,ORD00458,PROD0258,1,5999.59,7
ITEM00280,ORD00062,PROD0288,3,4605.21,50
ITEM00281,ORD00024,PROD0395,3,4017.86,44
ITEM00282,ORD00310,PROD0343,1,3245.85,28
ITEM00283,ORD00493,PROD0431,1,5425.0,39
ITEM00284,ORD00486,PROD0053,1,879.27,10
ITEM00285,ORD00446,PROD0106,2,2937.77,45
ITEM00286,ORD00260,PROD0256,1,7658.25,23
ITEM00287,ORD00071,PROD0063,4,4360.06,49
ITEM00288,ORD00126,PROD0428,3,8231.92,10
ITEM00289,ORD00191,PROD0367,3,7081.05,15
ITEM00290,ORD00386,PROD0272,2,889.26,27
ITEM00291,ORD00210,PROD0460,5,4682.45,23
ITEM00292,ORD00227,PROD0075,5,7228.43,5
ITEM00293,ORD00206,PROD0396,1,1577.79,2
ITEM00294,ORD00329,PROD0078,1,5228.0,45
ITEM00295,ORD00449,PROD0267,4,8242.0,43
ITEM00296,ORD00448,PROD0156,3,4426.87,0
ITEM00297,ORD00461,PROD0271,2,213.01,28
ITEM00298,ORD00455,PROD0279,5,1884.82,44
ITEM00299,ORD00416,PROD0401,2,4119.35,5
ITEM00300,ORD00172,PROD0200,2,289.41,34
ITEM00301,ORD00048,PROD0262,5,2746.74,40
ITEM00302,ORD00015,PROD0456,5,3597.54,49
ITEM00303,ORD00217,PROD0259,1,381.15,16
ITEM00304,ORD00182,PROD0064,1,5252.43,36
ITEM00305,ORD00233,PROD0174,5,6246.3,40
ITEM00306,ORD00433,PROD0305,3,3069.29,50
ITEM00307,ORD00294,PROD0345,4,702.34,15
ITEM00308,ORD00265,PROD0299,3,1395.78,9
ITEM00309,ORD00425,PROD0211,1,3663.81,8
ITEM00310,ORD00229,PROD0040,5,6138.37,35
ITEM00311,ORD00203,PROD0447,4,4105.89,28
ITEM00312,ORD00486,PROD0251,4,1304.67,9
ITEM00313,ORD00249,PROD0365,5,3432.93,7
ITEM00314,ORD00234,PROD0243,2,4733.13,23
ITEM00315,ORD00061,PROD0309,1,2163.2,36
ITEM00316,ORD00268,PROD0079,3,2128.33,19
ITEM00317,ORD00015,PROD0406,5,2759.16,19
ITEM00318,ORD00111,PROD0094,-4,4149.19,35
ITEM00319,ORD00446,PROD0023,5,2100.39,28
ITEM00320,ORD00401,PROD0194,5,6552.42,8
ITEM00321,ORD00236,PROD0390,4,4631.84,46
ITEM00322,ORD00410,PROD0320,4,6177.38,25
ITEM00323,ORD00024,PROD0491,4,5873.91,41
ITEM00324,ORD00085,PROD0363,3,1383.75,7
ITEM00325,ORD00044,PROD0099,5,4381.33,3
ITEM00326,ORD00268,PROD0097,5,2541.52,7
ITEM00327,ORD00273,PROD0093,3,7102.59,15
ITEM00328,ORD00430,PROD0455,1,4411.04,38
ITEM00329,ORD00302,PROD0024,1,2910.54,11
ITEM00330,ORD00441,PROD0271,3,189.1,6
ITEM00331,ORD00147,PROD0074,1,5189.95,26
ITEM00332,ORD00031,PROD0315,-2,7955.95,3
ITEM00333,ORD00051,PROD0164,3,543.76,7
ITEM00334,ORD00123,PROD0386,2,4958.2,48
ITEM00335,ORD00487,PROD0059,3,584.11,26
ITEM00336,ORD00015,PROD0209,1,7154.8,37
ITEM00337,ORD00127,PROD0391,2,6499.18,26
ITEM00338,ORD00434,PROD0326,2,3027.52,10
ITEM00339,ORD00276,PROD0488,5,6952.78,0
ITEM00340,ORD00493,PROD0425,-2,3640.19,30
ITEM00341,ORD00129,PROD0430,3,897.26,13
ITEM00342,ORD00262,PROD0145,5,6093.5,19
ITEM00343,ORD00358,PROD0063,5,4332.36,27
ITEM00344,ORD00259,PROD0491,3,6163.4,48
ITEM00345,ORD00140,PROD0126,3,5988.53,29
ITEM00346,ORD00169,PROD0009,2,4752.18,0
ITEM00347,ORD00003,PROD0462,2,847.64,44
ITEM00348,ORD00391,PROD0202,1,1341.66,42
ITEM00349,ORD00064,PROD0181,4,5322.92,22
ITEM00350,ORD00430,PROD0394,1,4521.49,23
ITEM00351,ORD00228,PROD0005,1,2975.06,43
ITEM00352,ORD00184,PROD0099,5,3098.58,45
ITEM00353,ORD00253,PROD0496,3,5014.76,45
ITEM00354,ORD00108,PROD0004,4,5719.93,17
ITEM00355,ORD00253,PROD0088,5,7512.97,38
ITEM00356,ORD00034,PROD0302,1,2288.29,36
ITEM00357,ORD00452,PROD0268,3,6361.06,43
ITEM00358,ORD00497,PROD0355,5,6889.28,35
ITEM00359,ORD00002,PROD0481,1,3349.42,20
ITEM00360,ORD00209,PROD0141,5,2521.87,23
ITEM00361,ORD00023,PROD0453,1,1203.32,26
ITEM00362,ORD00162,PROD0003,3,1476.73,36
ITEM00363,ORD00378,PROD0116,4,4495.73,15
ITEM00364,ORD00169,PROD0160,-1,4346.83,27
ITEM00365,ORD00304,PROD0409,3,4962.13,15
ITEM00366,ORD00123,PROD0491,1,5148.83,33
ITEM00367,ORD00484,PROD0038,5,4430.1,6
ITEM00368,ORD00297,PROD0064,1,5349.4,24
ITEM00369,ORD00435,PROD0356,2,4088.76,28
ITEM00370,ORD00313,PROD0321,1,2033.99,35
ITEM00371,ORD00436,PROD0196,5,5562.3,14
ITEM00372,ORD00404,PROD0338,4,2958.31,50
ITEM00373,ORD00318,PROD0318,1,5972.25,21
ITEM00374,ORD00056,PROD0053,1,626.63,12
ITEM00375,ORD00065,PROD0327,3,162.58,46
ITEM00376,ORD00096,PROD0125,1,6255.26,19
ITEM00377,ORD00263,PROD0492,3,7913.75,34
ITEM00378,ORD00076,PROD0241,3,6536.78,0
ITEM00379,ORD00337,PROD0348,2,6119.83,35
ITEM00380,ORD00217,PROD0177,2,2248.54,12
ITEM00381,ORD00175,PROD0097,4,2465.1,21
ITEM00382,ORD00290,PROD0494,3,6477.25,10
ITEM00383,ORD00449,PROD0405,4,5958.46,0
ITEM00384,ORD00355,PROD0118,2,4676.55,47
ITEM00385,ORD00418,PROD0170,4,4072.79,11
ITEM00386,ORD00004,PROD0186,3,1612.34,7
ITEM00387,ORD00226,PROD0100,3,1545.65,1
ITEM00388,ORD00146,PROD0090,3,1224.86,21
ITEM00389,ORD00126,PROD0092,2,6071.47,6
ITEM00390,ORD00347,PROD0071,1,6837.02,13
ITEM00391,ORD00123,PROD0190,2,7477.73,39
ITEM00392,ORD00450,PROD0365,2,2884.92,8
ITEM00393,ORD00099,PROD0273,3,6418.27,27
ITEM00394,ORD00126,PROD0472,5,5649.95,34
ITEM00395,ORD00077,PROD0168,3,1430.55,32
ITEM00396,ORD00454,PROD0251,1,1055.13,50
ITEM00397,ORD00034,PROD0086,5,6056.8,33
ITEM00398,ORD00165,PROD0365,4,3315.83,31
ITEM00399,ORD00298,PROD0206,5,4235.74,13
ITEM00400,ORD00104,PROD0232,4,7148.19,27
ITEM00401,ORD00293,PROD0081,3,7230.13,5
ITEM00402,ORD00044,PROD0152,3,3756.23,2
ITEM00403,ORD00319,PROD0173,4,5744.04,23
ITEM00404,ORD00163,PROD0140,2,6518.17,16
ITEM00405,ORD00184,PROD0462,5,878.36,41
ITEM00406,ORD00142,PROD0475,1,2003.63,2
ITEM00407,ORD00171,PROD0101,3,7303.04,49
ITEM00408,ORD00141,PROD0098,2,6750.04,48
ITEM00409,ORD00279,PROD0468,3,1260.36,22
ITEM00410,ORD00207,PROD0485,5,6475.34,0
ITEM00411,ORD00263,PROD0390,4,5580.08,46
ITEM00412,ORD00243,PROD0120,5,7517.29,46
ITEM00413,ORD00175,PROD0406,2,2685.77,44
ITEM00414,ORD00225,PROD0231,1,1249.59,36
ITEM00415,ORD00157,PROD0483,4,7449.57,22
ITEM00416,ORD00215,PROD0218,4,3698.3,44
ITEM00417,ORD00167,PROD0301,1,4378.7,9
ITEM00418,ORD00170,PROD0291,5,3062.71,36
ITEM00419,ORD00196,PROD0105,1,5061.73,12
ITEM00420,ORD00169,PROD0292,3,6834.97,6
ITEM00421,ORD00091,PROD0017,5,6819.15,11
ITEM00422,ORD00467,PROD0494,2,6616.56,42
ITEM00423,ORD00233,PROD0030,1,471.84,26
ITEM00424,ORD00057,PROD0067,4,483.96,24
ITEM00425,ORD00444,PROD0106,2,2149.53,45
ITEM00426,ORD00082,PROD0310,3,4902.46,32
ITEM00427,ORD00235,PROD0142,2,3114.97,25
ITEM00428,ORD00127,PROD0270,5,2397.83,29
ITEM00429,ORD00021,PROD0378,4,3026.24,45
ITEM00430,ORD00201,PROD0314,2,6530.59,11
ITEM00431,ORD00376,PROD0222,2,1201.88,6
ITEM00432,ORD00485,PROD0023,2,1945.85,40
ITEM00433,ORD00342,PROD0470,2,5609.97,26
ITEM00434,ORD00284,PROD0063,1,4584.63,32
ITEM00435,ORD00167,PROD0210,3,1832.32,2
ITEM00436,ORD00038,PROD0328,4,8023.64,47
ITEM00437,ORD00100,PROD0204,3,866.87,8
ITEM00438,ORD00384,PROD0238,1,5012.26,42
ITEM00439,ORD00487,PROD0225,3,6419.48,10
ITEM00440,ORD00311,PROD0052,1,4044.43,25
ITEM00441,ORD00344,PROD0391,3,5116.52,22
ITEM00442,ORD00366,PROD0018,5,8346.56,44
ITEM00443,ORD00326,PROD0416,1,2812.5,19
ITEM00444,ORD00307,PROD0003,4,1264.85,15
ITEM00445,ORD00123,PROD0103,-4,1282.44,0
ITEM00446,ORD00099,PROD0349,2,2426.08,6
ITEM00447,ORD00426,PROD0341,2,1027.58,32
ITEM00448,ORD00168,PROD0166,2,2783.93,34
ITEM00449,ORD00220,PROD0062,1,3628.56,121
ITEM00450,ORD00162,PROD0007,4,1735.98,42
ITEM00451,ORD00333,PROD0320,1,5492.24,26
ITEM00452,ORD00307,PROD0256,1,8360.44,50
ITEM00453,ORD00436,PROD0292,1,5010.86,40
ITEM00454,ORD00348,PROD0474,2,7194.32,40
ITEM00455,ORD00353,PROD0163,4,2966.11,1
ITEM00456,ORD00300,PROD0230,2,5231.69,45
ITEM00457,ORD00120,PROD0011,1,2182.03,47
ITEM00458,ORD00125,PROD0318,2,5910.04,18
ITEM00459,ORD00193,PROD0105,2,4535.32,38
ITEM00460,ORD00228,PROD0379,2,6631.1,41
ITEM00461,ORD00021,PROD0267,4,7740.49,18
ITEM00462,ORD00118,PROD0434,3,7788.69,34
ITEM00463,ORD00470,PROD0341,2,1416.49,24
ITEM00464,ORD00094,PROD0227,1,7389.16,4
ITEM00465,ORD00027,PROD0325,2,2612.03,11
ITEM00466,ORD00426,PROD0408,2,3377.45,27
ITEM00467,ORD00160,PROD0085,2,1219.85,38
ITEM00468,ORD00147,PROD0296,2,5261.82,50
ITEM00469,ORD00487,PROD0498,4,1302.49,28
ITEM00470,ORD00313,PROD0377,2,694.99,50
ITEM00471,ORD00391,PROD0196,1,5621.85,19
ITEM00472,ORD00079,PROD0284,3,6725.55,19
ITEM00473,ORD00193,PROD0288,1,5396.04,45
ITEM00474,ORD00080,PROD0470,1,5943.52,46
ITEM00475,ORD00252,PROD0208,4,3631.95,23
ITEM00476,ORD00158,PROD0329,1,315.48,2
ITEM00477,ORD00064,PROD0198,2,1337.05,27
ITEM00478,ORD00395,PROD0468,3,1533.73,31
ITEM00479,ORD00189,PROD0357,4,4547.12,47
ITEM00480,ORD00245,PROD0018,3,8429.61,43
ITEM00481,ORD00341,PROD0331,5,2545.24,43
ITEM00482,ORD00127,PROD0309,-2,1955.41,49
ITEM00483,ORD00365,PROD0470,5,6472.07,5
ITEM00484,ORD00097,PROD0449,4,3651.86,19
ITEM00485,ORD00273,PROD0338,5,3254.41,26
ITEM00486,ORD00474,PROD0373,1,669.72,49
ITEM00487,ORD00417,PROD0074,2,5395.28,25
ITEM00488,ORD00004,PROD0087,1,3922.1,49
ITEM00489,ORD00269,PROD0214,4,3725.36,23
ITEM00490,ORD00069,PROD0102,5,1788.77,28
ITEM00491,ORD00109,PROD0096,2,534.83,12
ITEM00492,ORD00462,PROD0447,5,4369.07,40
ITEM00493,ORD00151,PROD0044,3,2008.71,1
ITEM00494,ORD00245,PROD0249,-1,6815.65,17
ITEM00495,ORD00004,PROD0341,1,1224.08,33
ITEM00496,ORD00193,PROD0309,3,1911.22,30
ITEM00497,ORD00310,PROD0220,3,1362.68,15
ITEM00498,ORD00341,PROD0205,1,6730.02,21
ITEM00499,ORD00002,PROD0234,4,5754.29,8
ITEM00500,ORD00063,PROD0445,2,5584.59,39
ITEM00501,ORD00446,PROD0244,-2,3751.25,40
ITEM00502,ORD00417,PROD0165,3,5944.62,47
ITEM00503,ORD00228,PROD0120,4,7789.01,50
ITEM00504,ORD00220,PROD0481,4,4045.45,44
ITEM00505,ORD00376,PROD0198,2,1046.0,33
ITEM00506,ORD00402,PROD0439,1,4712.33,50
ITEM00507,ORD00427,PROD0345,4,983.39,28
ITEM00508,ORD00247,PROD0340,2,5513.76,48
ITEM00509,ORD00359,PROD0046,1,4957.12,20
ITEM00510,ORD00393,PROD0144,3,303.75,42
ITEM00511,ORD00070,PROD0473,4,199.22,44
ITEM00512,ORD00115,PROD0478,5,7043.22,21
ITEM00513,ORD00368,PROD0381,4,6402.25,50
ITEM00514,ORD00439,PROD0224,2,1405.35,18
ITEM00515,ORD00046,PROD0175,2,2129.43,7
ITEM00516,ORD00066,PROD0437,4,2626.14,0
ITEM00517,ORD00303,PROD0275,4,5398.88,20
ITEM00518,ORD00409,PROD0348,2,8372.25,38
ITEM00519,ORD00055,PROD0203,4,5717.75,18
ITEM00520,ORD00256,PROD0349,5,2232.31,47
ITEM00521,ORD00411,PROD0424,5,4732.35,32
ITEM00522,ORD00064,PROD0141,5,3562.05,13
ITEM00523,ORD00361,PROD0495,3,286.63,45
ITEM00524,ORD00376,PROD0479,1,5436.47,49
ITEM00525,ORD00250,PROD0373,2,558.25,35
ITEM00526,ORD00217,PROD0348,3,7058.16,25
ITEM00527,ORD00373,PROD0145,2,6799.16,35
ITEM00528,ORD00068,PROD0166,5,2990.61,3
ITEM00529,ORD00364,PROD0156,2,3997.42,28
ITEM00530,ORD00150,PROD0460,2,4084.6,12
ITEM00531,ORD00005,PROD0186,5,2186.76,50
ITEM00532,ORD00076,PROD0193,4,7780.2,10
ITEM00533,ORD00050,PROD0183,2,1036.79,7
ITEM00534,ORD00333,PROD0174,2,5430.56,25
ITEM00535,ORD00061,PROD0124,3,5347.87,11
ITEM00536,ORD00193,PROD0398,1,1758.82,41
ITEM00537,ORD00324,PROD0335,1,6915.77,5
ITEM00538,ORD00329,PROD0343,-2,4486.62,36
ITEM00539,ORD00246,PROD0141,1,3201.76,11
ITEM00540,ORD00331,PROD0360,5,2245.78,20
ITEM00541,ORD00466,PROD0442,2,5180.67,118
ITEM00542,ORD00419,PROD0275,5,6862.38,33
ITEM00543,ORD00276,PROD0366,1,8157.12,13
ITEM00544,ORD00460,PROD0061,5,5656.21,0
ITEM00545,ORD00410,PROD0161,2,2661.02,41
ITEM00546,ORD00288,PROD0132,1,1137.73,7
ITEM00547,ORD00187,PROD0495,4,306.86,110
ITEM00548,ORD00024,PROD0485,3,7928.9,28
ITEM00549,ORD00252,PROD0356,3,4579.61,32
ITEM00550,ORD00051,PROD0340,2,6119.45,9
ITEM00551,ORD00427,PROD0111,5,4058.18,37
ITEM00552,ORD00066,PROD0374,1,3356.04,16
ITEM00553,ORD00463,PROD0084,1,1870.61,43
ITEM00554,ORD00356,PROD0074,1,6029.87,17
ITEM00555,ORD00357,PROD0331,3,2598.26,41
ITEM00556,ORD00310,PROD0084,2,1885.9,50
ITEM00557,ORD00014,PROD0494,1,7220.32,34
ITEM00558,ORD00281,PROD0209,1,5612.8,21
ITEM00559,ORD00075,PROD0445,-3,6174.84,24
ITEM00560,ORD00114,PROD0194,1,7813.96,46
ITEM00561,ORD00302,PROD0421,1,7421.74,44
ITEM00562,ORD00145,PROD0283,1,6134.57,10
ITEM00563,ORD00385,PROD0200,5,231.59,25
ITEM00564,ORD00066,PROD0133,5,1897.77,42
ITEM00565,ORD00194,PROD0291,1,3185.67,40
ITEM00566,ORD00363,PROD0399,5,2429.04,29
ITEM00567,ORD00182,PROD0409,3,4664.3,27
ITEM00568,ORD00368,PROD0452,2,1670.08,5
ITEM00569,ORD00209,PROD0395,1,3229.04,4
ITEM00570,ORD00484,PROD0048,1,2691.67,18
ITEM00571,ORD00253,PROD0414,4,6291.38,46
ITEM00572,ORD00255,PROD0264,5,4122.74,107
ITEM00573,ORD00467,PROD0426,4,3120.46,47
ITEM00574,ORD00379,PROD0339,5,1961.74,2
ITEM00575,ORD00494,PROD0087,5,3724.54,11
ITEM00576,ORD00430,PROD0069,1,7360.07,24
ITEM00577,ORD00497,PROD0058,2,2426.8,49
ITEM00578,ORD00149,PROD0154,3,5362.06,47
ITEM00579,ORD00202,PROD0112,5,8406.13,2
ITEM00580,ORD00457,PROD0317,1,4140.93,39
ITEM00581,ORD00153,PROD0182,3,5183.62,11
ITEM00582,ORD00005,PROD0052,2,4515.46,32
ITEM00583,ORD00211,PROD0064,1,7472.12,42
ITEM00584,ORD00241,PROD0203,3,6756.81,11
ITEM00585,ORD00138,PROD0056,4,1924.56,22
ITEM00586,ORD00003,PROD0184,2,1224.94,18
ITEM00587,ORD00203,PROD0216,1,8065.49,12
ITEM00588,ORD00492,PROD0341,1,1413.91,35
ITEM00589,ORD00350,PROD0366,4,6156.37,47
ITEM00590,ORD00200,PROD0068,1,6124.13,8
ITEM00591,ORD00257,PROD0007,2,2010.78,21
ITEM00592,ORD00306,PROD0378,4,2906.02,31
ITEM00593,ORD00220,PROD0127,5,5501.7,17
ITEM00594,ORD00443,PROD0135,2,5734.6,27
ITEM00595,ORD00362,PROD0401,5,4370.04,12
ITEM00596,ORD00303,PROD0323,2,4065.53,25
ITEM00597,ORD00099,PROD0476,1,5123.86,5
ITEM00598,ORD00195,PROD0209,2,6859.84,27
ITEM00599,ORD00262,PROD0219,3,2162.16,23
ITEM00600,ORD00180,PROD0365,3,3377.57,11
ITEM00601,ORD00027,PROD0339,2,1824.71,17
ITEM00602,ORD00052,PROD0221,4,4906.71,19
ITEM00603,ORD00343,PROD0007,2,1949.44,47
ITEM00604,ORD00381,PROD0399,5,2796.02,41
ITEM00605,ORD00300,PROD0197,1,2442.06,47
ITEM00606,ORD00022,PROD0301,2,6424.06,28
ITEM00607,ORD00039,PROD0483,3,6929.24,30
ITEM00608,ORD00104,PROD0274,1,6281.71,26
ITEM00609,ORD00130,PROD0457,5,1700.35,23
ITEM00610,ORD00368,PROD0061,1,7550.16,33
ITEM00611,ORD00258,PROD0405,5,4139.18,8
ITEM00612,ORD00490,PROD0290,2,435.24,25
ITEM00613,ORD00273,PROD0446,1,2302.86,48
ITEM00614,ORD00288,PROD0400,5,1551.75,119
ITEM00615,ORD00112,PROD0304,5,4451.21,45
ITEM00616,ORD00133,PROD0156,3,4639.84,35
ITEM00617,ORD00115,PROD0024,3,2959.71,9
ITEM00618,ORD00143,PROD0475,1,1918.39,15
ITEM00619,ORD00108,PROD0274,3,4885.85,23
ITEM00620,ORD00485,PROD0362,3,7586.04,26
ITEM00621,ORD00151,PROD0167,1,403.01,14
ITEM00622,ORD00144,PROD0091,1,1249.37,49
ITEM00623,ORD00299,PROD0055,4,6189.56,16
ITEM00624,ORD00325,PROD0310,4,4856.36,17
ITEM00625,ORD00323,PROD0414,4,6256.07,14
ITEM00626,ORD00223,PROD0189,4,5747.65,11
ITEM00627,ORD00418,PROD0442,5,4033.2,46
ITEM00628,ORD00145,PROD0011,2,1926.67,43
ITEM00629,ORD00036,PROD0074,2,4926.92,41
ITEM00630,ORD00052,PROD0371,1,303.21,24
ITEM00631,ORD00057,PROD0424,1,3525.33,49
ITEM00632,ORD00074,PROD0481,1,3625.79,0
ITEM00633,ORD00055,PROD0278,3,4163.3,5
ITEM00634,ORD00246,PROD0389,4,705.81,19
ITEM00635,ORD00080,PROD0125,3,6015.9,7
ITEM00636,ORD00023,PROD0053,1,792.4,26
ITEM00637,ORD00468,PROD0115,4,3214.52,22
ITEM00638,ORD00116,PROD0472,4,7949.47,45
ITEM00639,ORD00058,PROD0252,1,3915.62,18
ITEM00640,ORD00316,PROD0171,1,3867.69,38
ITEM00641,ORD00220,PROD0272,2,857.35,9
ITEM00642,ORD00352,PROD0155,3,4600.15,6
ITEM00643,ORD00256,PROD0339,3,1574.99,45
ITEM00644,ORD00404,PROD0002,2,4593.05,9
ITEM00645,ORD00200,PROD0229,4,3752.19,7
ITEM00646,ORD00492,PROD0373,1,531.8,8
ITEM00647,ORD00198,PROD0181,4,4153.89,26
ITEM00648,ORD00326,PROD0171,2,3903.96,35
ITEM00649,ORD00274,PROD0253,2,7161.33,37
ITEM00650,ORD00270,PROD0296,2,5967.45,15
ITEM00651,ORD00105,PROD0436,5,4982.78,8
ITEM00652,ORD00031,PROD0467,2,2045.34,9
ITEM00653,ORD00283,PROD0498,4,1618.1,14
ITEM00654,ORD00071,PROD0061,2,7682.97,1
ITEM00655,ORD00218,PROD0191,1,3017.04,4
ITEM00656,ORD00305,PROD0446,2,1977.32,5
ITEM00657,ORD00007,PROD0292,4,6532.97,11
ITEM00658,ORD00072,PROD0384,3,447.36,46
ITEM00659,ORD00401,PROD0331,3,3193.87,3
ITEM00660,ORD00017,PROD0310,5,5237.61,25
ITEM00661,ORD00349,PROD0486,5,3502.94,16
ITEM00662,ORD00257,PROD0157,4,4155.06,17
ITEM00663,ORD00268,PROD0194,2,7883.17,25
ITEM00664,ORD00113,PROD0201,5,4787.53,4
ITEM00665,ORD00240,PROD0245,4,4789.69,10
ITEM00666,ORD00191,PROD0332,3,1365.81,4
ITEM00667,ORD00399,PROD0434,2,6656.09,34
ITEM00668,ORD00109,PROD0306,3,4188.06,12
ITEM00669,ORD00017,PROD0124,5,5063.42,36
ITEM00670,ORD00248,PROD0024,1,2392.53,0
ITEM00671,ORD00385,PROD0145,5,8814.08,48
ITEM00672,ORD00183,PROD0499,1,3121.45,47
ITEM00673,ORD00258,PROD0414,1,6074.05,24
ITEM00674,ORD00445,PROD0437,2,2312.87,29
ITEM00675,ORD00321,PROD0048,2,3670.94,43
ITEM00676,ORD00394,PROD0368,5,6149.91,46
ITEM00677,ORD00268,PROD0477,4,6573.3,21
ITEM00678,ORD00320,PROD0439,1,5099.97,49
ITEM00679,ORD00123,PROD0107,5,6151.66,9
ITEM00680,ORD00255,PROD0050,2,6655.62,19
ITEM00681,ORD00497,PROD0409,1,5255.26,29
ITEM00682,ORD00479,PROD0152,3,3321.32,22
ITEM00683,ORD00092,PROD0364,3,1774.6,16
ITEM00684,ORD00227,PROD0333,1,4475.72,31
ITEM00685,ORD00440,PROD0147,5,5322.88,8
ITEM00686,ORD00263,PROD0433,3,7788.86,43
ITEM00687,ORD00231,PROD0135,1,5510.81,41
ITEM00688,ORD00405,PROD0126,-5,6072.81,6
ITEM00689,ORD00082,PROD0292,1,5536.58,29
ITEM00690,ORD00179,PROD0239,5,6105.07,29
ITEM00691,ORD00093,PROD0375,4,933.58,12
ITEM00692,ORD00034,PROD0163,5,2333.05,44
ITEM00693,ORD00059,PROD0143,5,534.61,30
ITEM00694,ORD00110,PROD0164,5,651.81,3
ITEM00695,ORD00186,PROD0405,4,4974.92,13
ITEM00696,ORD00488,PROD0389,3,739.08,11
ITEM00697,ORD00036,PROD0141,3,2858.66,28
ITEM00698,ORD00269,PROD0110,3,248.28,3
ITEM00699,ORD00462,PROD0220,3,1365.87,22
ITEM00700,ORD00247,PROD0244,2,3781.96,27
ITEM00701,ORD00355,PROD0293,1,1472.19,38
ITEM00702,ORD00371,PROD0342,2,3765.63,46
ITEM00703,ORD00378,PROD0376,2,738.04,9
ITEM00704,ORD00163,PROD0059,4,718.67,115
ITEM00705,ORD00483,PROD0427,4,992.61,37
ITEM00706,ORD00112,PROD0382,4,3038.61,49
ITEM00707,ORD00194,PROD0111,2,3222.04,36
ITEM00708,ORD00190,PROD0417,3,1867.87,32
ITEM00709,ORD00064,PROD0359,4,824.71,22
ITEM00710,ORD00278,PROD0219,3,2063.45,11
ITEM00711,ORD00192,PROD0091,2,1413.71,24
ITEM00712,ORD00338,PROD0353,3,1246.33,6
ITEM00713,ORD00413,PROD0429,1,2619.25,26
ITEM00714,ORD00384,PROD0385,5,280.22,28
ITEM00715,ORD00413,PROD0017,4,6436.12,49
ITEM00716,ORD00196,PROD0059,4,565.14,22
ITEM00717,ORD00468,PROD0238,-4,4867.37,23
ITEM00718,ORD00260,PROD0146,3,677.56,50
ITEM00719,ORD00345,PROD0124,4,4472.08,1
ITEM00720,ORD00192,PROD0431,5,5544.97,10
ITEM00721,ORD00221,PROD0124,4,5702.88,41
ITEM00722,ORD00027,PROD0411,4,3024.0,40
ITEM00723,ORD00373,PROD0089,3,6416.33,27
ITEM00724,ORD00364,PROD0411,1,2193.1,50
ITEM00725,ORD00391,PROD0322,5,6307.0,20
ITEM00726,ORD00048,PROD0014,5,6782.86,39
ITEM00727,ORD00472,PROD0498,-4,1147.48,46
ITEM00728,ORD00233,PROD0325,3,2297.3,41
ITEM00729,ORD00153,PROD0100,2,1489.3,50
ITEM00730,ORD00134,PROD0338,1,2313.14,40
ITEM00731,ORD00297,PROD0444,4,3460.55,7
ITEM00732,ORD00145,PROD0135,1,5543.75,23
ITEM00733,ORD00107,PROD0201,1,4605.51,31
ITEM00734,ORD00040,PROD0108,4,5454.76,40
ITEM00735,ORD00414,PROD0083,1,5949.56,42
ITEM00736,ORD00311,PROD0438,3,3433.56,30
ITEM00737,ORD00308,PROD0280,5,1272.78,7
ITEM00738,ORD00016,PROD0275,5,4987.6,13
ITEM00739,ORD00059,PROD0461,3,6431.39,5
ITEM00740,ORD00482,PROD0065,4,3476.22,5
ITEM00741,ORD00283,PROD0334,4,1638.15,25
ITEM00742,ORD00129,PROD0089,3,5868.33,6
ITEM00743,ORD00393,PROD0301,2,5002.73,31
ITEM00744,ORD00229,PROD0217,3,3924.09,39
ITEM00745,ORD00197,PROD0220,3,1282.88,40
ITEM00746,ORD00231,PROD0086,5,6976.29,26
ITEM00747,ORD00424,PROD0450,5,7605.19,1
ITEM00748,ORD00415,PROD0166,2,2639.77,4
ITEM00749,ORD00191,PROD0191,3,3150.63,20
ITEM00750,ORD00368,PROD0169,5,2357.67,14
ITEM00751,ORD00198,PROD0146,5,777.42,35
ITEM00752,ORD00312,PROD0485,1,7760.85,41
ITEM00753,ORD00388,PROD0223,3,6458.27,3
ITEM00754,ORD00256,PROD0024,4,3493.22,28
ITEM00755,ORD00168,PROD0303,-5,6376.53,1
ITEM00756,ORD00439,PROD0295,4,788.82,25
ITEM00757,ORD00274,PROD0471,3,3101.26,4
ITEM00758,ORD00425,PROD0411,3,2490.91,48
ITEM00759,ORD00041,PROD0285,4,6316.13,25
ITEM00760,ORD00233,PROD0253,1,8055.48,39
ITEM00761,ORD00115,PROD0025,2,1264.67,20
ITEM00762,ORD00371,PROD0224,1,1114.06,23
ITEM00763,ORD00276,PROD0003,1,1811.52,50
ITEM00764,ORD00025,PROD0485,3,6202.23,39
ITEM00765,ORD00195,PROD0139,2,463.09,7
ITEM00766,ORD00442,PROD0076,4,6637.02,42
ITEM00767,ORD00271,PROD0124,4,5752.29,20
ITEM00768,ORD00248,PROD0116,3,3157.78,22
ITEM00769,ORD00447,PROD0125,2,7782.17,4
ITEM00770,ORD00031,PROD0109,2,1511.05,24
ITEM00771,ORD00054,PROD0175,5,1716.13,32
ITEM00772,ORD00390,PROD0484,4,830.87,32
ITEM00773,ORD00067,PROD0113,4,3561.29,39
ITEM00774,ORD00400,PROD0205,3,6191.03,43
ITEM00775,ORD00446,PROD0296,2,5691.9,6
ITEM00776,ORD00124,PROD0009,2,4719.7,30
ITEM00777,ORD00232,PROD0181,5,4057.65,27
ITEM00778,ORD00204,PROD0258,3,7177.32,17
ITEM00779,ORD00026,PROD0333,4,3646.69,12
ITEM00780,ORD00305,PROD0142,4,3578.83,6
ITEM00781,ORD00331,PROD0128,2,6900.91,2
ITEM00782,ORD00123,PROD0034,3,3910.62,39
ITEM00783,ORD00208,PROD0201,2,5246.16,44
ITEM00784,ORD00106,PROD0088,3,8201.74,45
ITEM00785,ORD00376,PROD0002,5,3361.26,39
ITEM00786,ORD00157,PROD0437,2,3299.65,43
ITEM00787,ORD00096,PROD0171,2,5294.58,42
ITEM00788,ORD00172,PROD0011,3,1816.05,10
ITEM00789,ORD00437,PROD0005,4,3473.89,31
ITEM00790,ORD00242,PROD0057,1,3530.38,18
ITEM00791,ORD00269,PROD0258,2,6399.18,6
ITEM00792,ORD00377,PROD0172,3,6140.86,16
ITEM00793,ORD00130,PROD0187,3,4657.37,21
ITEM00794,ORD00397,PROD0340,5,6200.17,17
ITEM00795,ORD00373,PROD0328,4,6017.32,42
ITEM00796,ORD00183,PROD0255,5,2703.95,27
ITEM00797,ORD00382,PROD0046,4,5165.18,17
ITEM00798,ORD00348,PROD0279,4,2082.22,33
ITEM00799,ORD00467,PROD0348,3,6702.66,26
ITEM00800,ORD00142,PROD0159,5,1684.99,21
